First Last,First,Last,Company,Domain
Brian Krusz,Brian,Krusz,Sgt. Clean Enterprises of Ohio LLC,www.sgtclean.com
George Salem,George,Salem,"Proxsys Rx, LLC",www.proxsysrx.com
Steven Michael Smith,Steven,Smith,"BrightStar Group Holdings, Inc.",www.brightstarcare.com
Donald Anderson,Donald,Anderson,"Independent Pharmacy Cooperative, Inc.",www.ipcrx.com
Thomas Palombo,Thomas,Palombo,"Instore Group, Llc",www.theinstoregroup.com
Andrew Luers,Andrew,Luers,"ProviderTrust, Inc.",www.providertrust.com
Robbie Mccullough,Robbie,Mccullough,"Assisting Hands Home Care, LLC",www.assistinghands.com
Olivier Chateau,Olivier,Chateau,Health Union,www.health-union.com
Ken Weiner,Ken,Weiner,Eating Recovery Center,www.eatingrecoverycenter.com
Sarah Williams,Sarah,Williams,"BrightStar Group Holdings, Inc.",www.brightstarcare.com
Andy Bonner,Andy,Bonner,Healthcare2 U Llc,www.healthc2u.com
Roger Wright Lester,Roger,Lester,"Camp Gladiator, Inc.",www.campgladiator.com
Curt Nesbitt,Curt,Nesbitt,Blue Sky Specialty Pharmacy,www.blueskyspecialtypharmacy.com
Miranda Ameen,Miranda,Ameen,BioAgilytix,www.bioagilytix.com
Seth Weinstein,Seth,Weinstein,Ammunition Depot,www.ammunitiondepot.com
Alison Mccreary,Alison,Mccreary,"BrightStar Group Holdings, Inc.",www.brightstarcare.com
Waseem Amer,Waseem,Amer,Cielo WiGle Inc.,www.cielowigle.com
Andi Horger,Andi,Horger,"BrightStar Group Holdings, Inc.",www.brightstarcare.com
Michael Schreiber,Michael,Schreiber,Wag N’ Wash Healthy Pet Center,www.wagnwash.com
Amy Elizabeth Banfer,,,"Camp Gladiator, Inc.",www.campgladiator.com
