First Last,First,Last,Company,Domain
Rick Beckerman,Rick,Beckerman,throtl Inc,www.throtl.com
Jennifer Gage,Jennifer,Gage,StretchLab Franchise,www.stretchlab.com
Staci Brinkman,Staci,Brinkman,Sips by,www.sipsby.com
John Kemp,John,Kemp,StretchLab Franchise,www.stretchlab.com
Mark Rheault,Mark,Rheault,Infinite Leap,www.infiniteleap.net
Adnan Iqbal,Adnan,Iqbal,Luma Health Inc.,www.lumahealth.io
Dylan Jacob,Dylan,Jacob,Brümate,www.brumate.com
Nicole Centeno,Nicole,Centeno,Splendid Spoon,www.splendidspoon.com
Chris Strong,Chris,Strong,"People, Pets And Vets, Llc",www.peoplepetsandvets.com
Jeff Flores,Jeff,Flores,StretchLab Franchise,www.stretchlab.com
Leslie Lyon,Leslie,Lyon,Sugarwish LLC,www.sugarwish.com
Mike Searls,Mike,Searls,"THiN AiR Brands, LLC",www.thinairbrands.com
Sabena Suri,Sabena,Suri,"Boxfox, Inc.",www.shopboxfox.com
Marci Colb,Marci,Colb,StretchLab Franchise,www.stretchlab.com
Vineeth Yeddula,Vineeth,Yeddula,KPI Ninja,www.kpininja.com
Eric Roy,Eric,Roy,Hydroviv,www.hydroviv.com
Allen Shafer,Allen,Shafer,Fulton & Roark,www.fultonandroark.com
Schayene Silva,Schayene,Silva,Angel Heart Boutique,www.angelheartboutique.com
Christine Deehring,Christine,Deehring,Bump Boxes,www.bumpboxes.com
Bryan Gerber,,,Hemper,www.hemper.co
