First Last,First,Last,Company,Domain
Mark Litton,Mark,Litton,Howard Medical Company,www.howardmedical.com
David Strassburg,David,Strassburg,"BrightStar Group Holdings, Inc.",www.brightstarcare.com
Leon Hu,Leon,Hu,Doctible Inc,www.doctible.com
Dean Clarino,Dean,Clarino,M. H. Enterprises Inc. DBA Teriyaki Madness,www.teriyakimadness.com
Laura Benson,Laura,Benson,Filly Flair,www.fillyflair.com
John Mason,John,Mason,"BrightStar Group Holdings, Inc.",www.brightstarcare.com
Travis Smith,Travis,Smith,Reflex Sales Group,www.reflexsalesgroup.com
Karen Ann Pinderski,Karen,Pinderski,"BrightStar Group Holdings, Inc.",www.brightstarcare.com
Joe Notaro,Joe,Notaro,Reflex Sales Group,www.reflexsalesgroup.com
Rampi Hijazin,Rampi,Hijazin,"BrightStar Group Holdings, Inc.",www.brightstarcare.com
Col Needham,Col,Needham,"IMDb.com, Inc.",www.imdb.com
Ed Furlong,Ed,Furlong,"Glytec, LLC",www.glytecsystems.com
Lance Swearingen,Lance,Swearingen,"BrightStar Group Holdings, Inc.",www.brightstarcare.com
Daniel Stringer,Daniel,Stringer,Total Care Connections Inc.,www.totalcareconnections.com
Susan Cooper,Susan,Cooper,"BrightStar Group Holdings, Inc.",www.brightstarcare.com
Lalit Vadlamani,Lalit,Vadlamani,CardioSolution,www.cardiosolution.com
Rory Petty,Rory,Petty,Tribute,www.tribute.co
Courtney Puckett,Courtney,Puckett,"CrunchBase, Inc.",www.crunchbase.com
Devan Kline,Devan,Kline,Burn Boot Camp,www.burnbootcamp.com
Pam Owens,,,"AFC Franchising, LLC",www.afcurgentcare.com
