First Last,First,Last,Company,Domain
Randy Boldyga,Randy,Boldyga,"Networking Technologies, Inc.",www.rxnt.com
Susan Stinson,Susan,Stinson,"BrightStar Group Holdings, Inc.",www.brightstarcare.com
Will Hermann Seippel,Will,Seippel,WorthPoint,www.worthpoint.com
Ryan Abood,Ryan,Abood,GourmetGiftBaskets.com,www.gourmetgiftbaskets.com
Jeff Wayne Davidson,Jeff,Davidson,"Camp Gladiator, Inc.",www.campgladiator.com
Charles Boyd,Charles,Boyd,"Safe Chain Solutions, LLC",www.safechain.com
Kanav Hasija,Kanav,Hasija,InnovAccer Inc.,www.innovaccer.com
Michelle Lee,Michelle,Lee,Gusto,www.gusto.com
Caesar Djavaherian,Caesar,Djavaherian,"Carbon Health Medical Group, Inc.",www.carbonhealth.com
Gabe Abshire,Gabe,Abshire,Utility Concierge,www.utilityconcierge.com
David Kelleher,David,Kelleher,"4G Clinical, Inc.",www.4gclinical.com
Ben Harrison,Ben,Harrison,"Jonas Paul Eyewear, LLC",www.jonaspauleyewear.com
Scott Snider,Scott,Snider,Proven Behavior Solutions,www.provenaba.com
Reeta Aggarwal,Reeta,Aggarwal,"BrightStar Group Holdings, Inc.",www.brightstarcare.com
Jeff Alan Broudy,Jeff,Broudy,"Data Momma, Llc",www.pcihipaa.com
Murray Philip Brozinsky,Murray,Brozinsky,"Conversa Health, Inc.",www.conversahealth.com
Leah Jackson,Leah,Jackson,"BrightStar Group Holdings, Inc.",www.brightstarcare.com
Claire Woodsum,Claire,Woodsum,"BrightStar Group Holdings, Inc.",www.brightstarcare.com
Eren Bali,Eren,Bali,"Carbon Health Medical Group, Inc.",www.carbonhealth.com
Wayne Yung,,,Hawkers Asian Street Fare,www.eathawkers.com
