First Last,First,Last,Company,Domain
Jeffrey Tews,Jeffrey,Tews,"BrightStar Group Holdings, Inc.",www.brightstarcare.com
Brad Justice,Brad,Justice,"Camp Gladiator, Inc.",www.campgladiator.com
Devin Haman,Devin,Haman,Beverly Hills Rejuvenation Center,www.bhrcenter.com
Valen Kassab,Valen,Kassab,"BrightStar Group Holdings, Inc.",www.brightstarcare.com
Zoë Scharf,Zoë,Scharf,Greetingqube LLC,www.greetabl.com
Michelle Tunno Buelow,Michelle,Buelow,Bella Tunno,www.bellatunno.com
Megan Cruz,Megan,Cruz,"Networking Technologies, Inc.",www.rxnt.com
Ryan Boyko,Ryan,Boyko,Embark Veterinary Inc,www.embarkvet.com
Christoph Ronacher,Christoph,Ronacher,Autism Specialty Group,www.autismspecialtygroup.com
Terry Brown,Terry,Brown,"Camp Gladiator, Inc.",www.campgladiator.com
Jay Perkins,Jay,Perkins,Kettlebell Kings,www.kettlebellkings.com
Qiana James,Qiana,James,Friendly Faces Senior Care,www.friendlyfaces.com
Gail Williams,Gail,Williams,Gehlen Williams Co,www.seattlecoffeegear.com
Matt Williams,Matt,Williams,M. H. Enterprises Inc. DBA Teriyaki Madness,www.teriyakimadness.com
Ben Pierce Mckean,Ben,Mckean,"Hungryroot, Inc.",www.hungryroot.com
Scott Byers,Scott,Byers,Majestic Kitchen & Bath,www.gomajestic.com
Jon Younger,Jon,Younger,Assisted Living Locators,www.assistedlivinglocators.com
Dean Johnson,Dean,Johnson,"Assisting Hands Home Care, LLC",www.assistinghands.com
Michelle Pickard,Michelle,Pickard,"Premier Healthcare Exchange, Inc.",www.zelis.com
Deep Mukherjee,,,"BrightStar Group Holdings, Inc.",www.brightstarcare.com
